epoch,time,train/box_loss,train/cls_loss,train/dfl_loss,metrics/precision(B),metrics/recall(B),metrics/mAP50(B),metrics/mAP50-95(B),val/box_loss,val/cls_loss,val/dfl_loss,lr/pg0,lr/pg1,lr/pg2
1,23.1217,3.82759,4.84125,0.04958,0.00234,0.13841,0.00034,5e-05,4.50257,6.93334,0.08253,0.0012,0.0012,0.0892
2,29.7287,3.87789,4.62878,0.04912,0.00251,0.14879,0.0004,6e-05,4.47241,6.72394,0.08182,0.00249381,0.00249381,0.0774938
3,35.0018,3.88122,4.57332,0.0485,0.00246,0.14533,0.00037,5e-05,4.45605,6.55529,0.08117,0.00378119,0.00378119,0.0657812
4,42.0151,3.81083,4.42568,0.0462,0.00263,0.15571,0.0005,6e-05,4.44727,6.4042,0.0808,0.00506213,0.00506213,0.0540621
5,47.7442,3.7638,4.40782,0.04782,0.00269,0.15917,0.0007,9e-05,4.4377,6.29668,0.08054,0.00633664,0.00633664,0.0423366
6,53.3939,3.78811,4.34493,0.04871,0.00275,0.16263,0.00089,0.00012,4.41771,6.09991,0.07997,0.00760471,0.00760471,0.0306047
7,59.9563,3.7193,4.28345,0.04705,0.00269,0.15917,0.00111,0.00015,4.40644,6.00942,0.07979,0.00886635,0.00886635,0.0188664
8,65.3348,3.65195,4.17884,0.04625,0.0038,0.22491,0.01157,0.00237,4.13088,5.56891,0.07272,0.00982675,0.00982675,0.00982675
9,72.4011,3.58195,4.03004,0.04449,0.06126,0.09689,0.01347,0.00235,3.52334,4.73884,0.05764,0.009802,0.009802,0.009802
10,77.6049,3.39357,3.83605,0.04152,0.00192,0.01384,0.00019,3e-05,4.11526,28.9165,0.08102,0.00977725,0.00977725,0.00977725
11,82.8978,3.3494,3.66311,0.03967,0.00043,0.02422,3e-05,0,4.88927,17.8118,0.07184,0.0097525,0.0097525,0.0097525
12,89.9132,3.15369,3.52905,0.03646,0.00374,0.22145,0.00094,0.00016,3.8783,31.135,0.06719,0.00972775,0.00972775,0.00972775
13,95.3213,2.98863,3.35714,0.0336,0.03412,0.14879,0.01113,0.00207,3.52121,9.62842,0.05789,0.009703,0.009703,0.009703
14,102.113,2.83052,3.27576,0.03169,0.03544,0.13495,0.01463,0.00299,3.35525,9.11093,0.05677,0.00967825,0.00967825,0.00967825
15,107.48,2.77421,3.16808,0.0299,0.12937,0.13495,0.06192,0.01194,3.13424,4.56756,0.0511,0.0096535,0.0096535,0.0096535
16,112.673,2.65578,3.04,0.02712,0.01591,0.11073,0.00464,0.00097,3.39957,16.8782,0.0636,0.00962875,0.00962875,0.00962875
17,119.635,2.59145,3.01981,0.02788,0.05888,0.15917,0.02615,0.0053,2.98185,5.26482,0.04986,0.009604,0.009604,0.009604
18,124.793,2.49412,2.90747,0.02601,0.0229,0.09689,0.00814,0.00173,3.15997,9.28025,0.0537,0.00957925,0.00957925,0.00957925
19,131.495,2.45322,2.85036,0.0252,0.04157,0.17301,0.0166,0.00389,2.72366,11.3371,0.04289,0.0095545,0.0095545,0.0095545
20,137.174,2.40732,2.84266,0.02459,0.03116,0.11765,0.01218,0.00299,2.73618,7.1388,0.0426,0.00952975,0.00952975,0.00952975
21,142.415,2.34783,2.75186,0.02327,0.06191,0.17993,0.03276,0.00736,2.72703,6.66865,0.04358,0.009505,0.009505,0.009505
22,149.629,2.30459,2.70835,0.02293,0.07524,0.21453,0.04343,0.00988,2.60047,6.59126,0.04107,0.00948025,0.00948025,0.00948025
23,154.873,2.31894,2.70296,0.02291,0.21103,0.2872,0.13953,0.04087,2.38216,3.71726,0.03382,0.0094555,0.0094555,0.0094555
24,161.474,2.20517,2.62703,0.02159,0.25472,0.2526,0.16838,0.05781,2.28114,3.33848,0.03284,0.00943075,0.00943075,0.00943075
25,167.061,2.22928,2.61541,0.02245,0.26978,0.30104,0.19343,0.07927,2.01982,2.97016,0.02674,0.009406,0.009406,0.009406
26,172.246,2.16723,2.5484,0.02148,0.30033,0.32526,0.24113,0.09335,2.02876,3.00858,0.02854,0.00938125,0.00938125,0.00938125
27,179.354,2.12173,2.5138,0.02108,0.29174,0.31142,0.20436,0.08214,2.05753,2.85343,0.02724,0.0093565,0.0093565,0.0093565
28,184.559,2.11701,2.46992,0.02188,0.26078,0.24913,0.17799,0.05125,2.38511,3.16419,0.03524,0.00933175,0.00933175,0.00933175
29,190.542,2.06604,2.43076,0.02067,0.2534,0.36641,0.18067,0.07314,2.02974,3.32369,0.02759,0.009307,0.009307,0.009307
30,196.81,2.04274,2.36993,0.01928,0.27415,0.30796,0.21464,0.08229,2.02177,2.80962,0.02749,0.00928225,0.00928225,0.00928225
31,201.891,2.02372,2.35698,0.01922,0.23014,0.23894,0.14711,0.05521,2.20816,3.77838,0.02795,0.0092575,0.0092575,0.0092575
32,209.324,2.06014,2.35065,0.01969,0.29471,0.2872,0.22669,0.10647,1.97027,3.12499,0.02463,0.00923275,0.00923275,0.00923275
33,214.58,1.94628,2.26019,0.01887,0.31131,0.37539,0.28061,0.12093,1.92244,2.99115,0.02448,0.009208,0.009208,0.009208
34,220.282,1.974,2.32205,0.01958,0.40434,0.30769,0.29928,0.14354,1.93313,2.48217,0.02564,0.00918325,0.00918325,0.00918325
35,226.742,1.94294,2.25404,0.01864,0.4301,0.34948,0.35336,0.16297,1.87441,2.34088,0.02391,0.0091585,0.0091585,0.0091585
36,231.909,1.9377,2.24499,0.01859,0.45767,0.37716,0.38054,0.17446,1.90688,2.49186,0.02377,0.00913375,0.00913375,0.00913375
37,238.967,1.89077,2.18349,0.01699,0.4425,0.38062,0.34963,0.13749,2.09217,2.41926,0.0305,0.009109,0.009109,0.009109
38,244.373,1.90235,2.1296,0.01781,0.46841,0.43253,0.39108,0.18193,1.8185,2.26996,0.02268,0.00908425,0.00908425,0.00908425
39,250.007,1.90808,2.17995,0.01834,0.43873,0.43945,0.35693,0.16536,1.9566,2.30361,0.02469,0.0090595,0.0090595,0.0090595
40,256.748,1.88538,2.12892,0.01843,0.51484,0.40138,0.38977,0.19137,1.78171,2.29239,0.02328,0.00903475,0.00903475,0.00903475
41,261.947,1.8571,2.1094,0.01773,0.51131,0.41176,0.4164,0.20778,1.82661,2.20056,0.02391,0.00901,0.00901,0.00901
42,268.858,1.86818,2.12239,0.01724,0.47087,0.37716,0.36562,0.17776,1.85565,2.40767,0.02559,0.00898525,0.00898525,0.00898525
43,274.248,1.80745,2.07847,0.01675,0.54139,0.44983,0.4364,0.21418,1.80636,2.10644,0.02241,0.0089605,0.0089605,0.0089605
44,279.551,1.83759,2.05015,0.01722,0.50568,0.34602,0.37666,0.18578,1.92005,2.48599,0.0236,0.00893575,0.00893575,0.00893575
45,286.55,1.79121,2.00874,0.01635,0.55335,0.43253,0.46155,0.22952,1.8769,2.04537,0.02392,0.008911,0.008911,0.008911
46,291.831,1.79164,1.98487,0.01654,0.58725,0.43324,0.46004,0.22956,1.85881,2.0935,0.02519,0.00888625,0.00888625,0.00888625
47,298.539,1.80869,2.03278,0.01715,0.56907,0.44323,0.47996,0.25654,1.77062,1.95471,0.02223,0.0088615,0.0088615,0.0088615
48,304.379,1.75553,1.9506,0.01605,0.58255,0.47805,0.51743,0.2611,1.78486,1.98222,0.02175,0.00883675,0.00883675,0.00883675
49,309.585,1.78043,1.96423,0.01647,0.55601,0.46366,0.4889,0.23438,1.80855,2.19635,0.02253,0.008812,0.008812,0.008812
50,316.872,1.69897,1.89064,0.01538,0.60366,0.47405,0.52122,0.2726,1.78974,2.17291,0.02151,0.00878725,0.00878725,0.00878725
51,322.129,1.74819,1.87404,0.01603,0.61128,0.43945,0.4732,0.23187,1.94227,2.46191,0.0245,0.0087625,0.0087625,0.0087625
52,328.775,1.7599,1.88891,0.01595,0.65201,0.41869,0.50261,0.24853,1.91802,2.27699,0.02353,0.00873775,0.00873775,0.00873775
53,334.534,1.77437,1.87654,0.01673,0.58141,0.46139,0.50421,0.26252,1.80155,2.16468,0.02281,0.008713,0.008713,0.008713
54,339.844,1.74105,1.84165,0.01594,0.61835,0.49895,0.51319,0.2477,1.94982,2.16495,0.02374,0.00868825,0.00868825,0.00868825
55,347.008,1.68827,1.83529,0.01577,0.64056,0.51181,0.55603,0.27828,1.78774,2.07967,0.02196,0.0086635,0.0086635,0.0086635
56,352.446,1.76728,1.86185,0.01666,0.67802,0.48818,0.57229,0.29765,1.80692,1.9502,0.02214,0.00863875,0.00863875,0.00863875
57,358.587,1.7081,1.8178,0.01606,0.6497,0.49827,0.55281,0.29291,1.7553,1.92799,0.02166,0.008614,0.008614,0.008614
58,364.685,1.7199,1.79138,0.01558,0.64957,0.44637,0.53606,0.27136,1.87387,2.13251,0.0229,0.00858925,0.00858925,0.00858925
59,369.833,1.74483,1.78163,0.01741,0.65375,0.44291,0.49642,0.22281,2.03368,2.17936,0.02722,0.0085645,0.0085645,0.0085645
60,377.001,1.70184,1.80673,0.01584,0.62255,0.55709,0.58098,0.30473,1.75955,1.90383,0.02225,0.00853975,0.00853975,0.00853975
61,382.282,1.69807,1.80039,0.0157,0.69265,0.53979,0.60648,0.33834,1.71629,1.75328,0.02143,0.008515,0.008515,0.008515
62,388.073,1.69593,1.78291,0.01587,0.62941,0.52305,0.55842,0.30054,1.78335,1.91065,0.02249,0.00849025,0.00849025,0.00849025
63,394.637,1.72723,1.79852,0.01544,0.7464,0.50173,0.60249,0.33862,1.63886,1.70584,0.02104,0.0084655,0.0084655,0.0084655
64,399.925,1.68133,1.75695,0.01567,0.60671,0.52249,0.55579,0.28674,1.80381,1.93165,0.02266,0.00844075,0.00844075,0.00844075
65,407.339,1.67673,1.72733,0.01584,0.70209,0.53007,0.58896,0.32175,1.73931,1.75338,0.02132,0.008416,0.008416,0.008416
66,412.608,1.64991,1.70361,0.01481,0.77292,0.51557,0.6145,0.33597,1.7918,1.80282,0.02285,0.00839125,0.00839125,0.00839125
67,418.224,1.63636,1.72771,0.01523,0.6772,0.53979,0.61469,0.35637,1.61773,1.69404,0.02006,0.0083665,0.0083665,0.0083665
68,425.038,1.64595,1.68911,0.01544,0.77013,0.52249,0.63676,0.371,1.60881,1.63118,0.01944,0.00834175,0.00834175,0.00834175
69,430.318,1.60945,1.69935,0.01434,0.76377,0.537,0.63924,0.36088,1.67931,1.60201,0.02109,0.008317,0.008317,0.008317
70,436.917,1.61271,1.6831,0.01492,0.74955,0.50173,0.61415,0.35522,1.59919,1.63622,0.01929,0.00829225,0.00829225,0.00829225
71,442.365,1.62533,1.68792,0.01494,0.69046,0.55017,0.62377,0.3561,1.66424,1.64109,0.02024,0.0082675,0.0082675,0.0082675
72,447.541,1.60637,1.66861,0.01502,0.69789,0.52941,0.60234,0.34337,1.65798,1.6995,0.02024,0.00824275,0.00824275,0.00824275
73,454.531,1.61734,1.63354,0.01476,0.69349,0.54801,0.62778,0.35047,1.64841,1.61551,0.01977,0.008218,0.008218,0.008218
74,459.985,1.60978,1.6634,0.01503,0.62491,0.51884,0.58421,0.31503,1.73319,1.82641,0.02242,0.00819325,0.00819325,0.00819325
75,466.012,1.57771,1.65215,0.01531,0.70118,0.53979,0.60437,0.33657,1.62097,1.79456,0.02082,0.0081685,0.0081685,0.0081685
76,472.175,1.5972,1.63384,0.01391,0.6223,0.5074,0.57314,0.314,1.69265,1.88137,0.0208,0.00814375,0.00814375,0.00814375
77,477.462,1.59834,1.65215,0.01387,0.71445,0.54671,0.61106,0.34222,1.73152,1.87674,0.02135,0.008119,0.008119,0.008119
78,484.529,1.56909,1.61844,0.01451,0.72071,0.59516,0.68735,0.39285,1.59607,1.45243,0.01985,0.00809425,0.00809425,0.00809425
79,489.686,1.57083,1.59614,0.01406,0.79324,0.57093,0.67634,0.38971,1.61988,1.51907,0.01967,0.0080695,0.0080695,0.0080695
80,495.298,1.58248,1.62478,0.01422,0.74102,0.57785,0.66416,0.37612,1.60386,1.54364,0.02044,0.00804475,0.00804475,0.00804475
81,501.851,1.60076,1.60087,0.01445,0.71435,0.55381,0.66334,0.39165,1.52156,1.47835,0.01846,0.00802,0.00802,0.00802
82,506.954,1.55081,1.56115,0.01387,0.76092,0.56165,0.67022,0.39633,1.55333,1.49402,0.01883,0.00799525,0.00799525,0.00799525
83,513.867,1.59363,1.59369,0.01394,0.70779,0.58131,0.65549,0.38596,1.60447,1.46274,0.01977,0.0079705,0.0079705,0.0079705
84,519.364,1.54783,1.58763,0.01417,0.76084,0.57242,0.66768,0.38311,1.62292,1.50599,0.0201,0.00794575,0.00794575,0.00794575
85,524.473,1.53547,1.59309,0.0136,0.78179,0.57027,0.66476,0.38795,1.59119,1.44222,0.01929,0.007921,0.007921,0.007921
86,531.449,1.53524,1.58898,0.01369,0.80228,0.56055,0.66432,0.39831,1.51292,1.51892,0.0186,0.00789625,0.00789625,0.00789625
87,536.573,1.55224,1.58151,0.01336,0.71434,0.53646,0.61892,0.36367,1.54409,1.70887,0.01934,0.0078715,0.0078715,0.0078715
88,542.821,1.54912,1.52663,0.01363,0.78349,0.55709,0.66678,0.40417,1.51357,1.4728,0.01895,0.00784675,0.00784675,0.00784675
89,548.878,1.55427,1.5185,0.01375,0.7893,0.54443,0.66128,0.40128,1.56116,1.56793,0.01947,0.007822,0.007822,0.007822
90,554.073,1.56107,1.50184,0.01416,0.8183,0.53287,0.64061,0.37357,1.6904,1.65646,0.02085,0.00779725,0.00779725,0.00779725
91,561.317,1.52401,1.51965,0.01363,0.77981,0.57785,0.67032,0.41063,1.5509,1.51215,0.01963,0.0077725,0.0077725,0.0077725
92,566.721,1.5055,1.50537,0.01374,0.76249,0.56747,0.66047,0.40015,1.58267,1.57598,0.02016,0.00774775,0.00774775,0.00774775
93,572.433,1.52736,1.48918,0.0137,0.75234,0.58824,0.66584,0.3805,1.64877,1.6378,0.02228,0.007723,0.007723,0.007723
94,578.779,1.49388,1.48271,0.01349,0.7308,0.573,0.65151,0.39129,1.6034,1.54915,0.0199,0.00769825,0.00769825,0.00769825
95,583.917,1.46868,1.4719,0.01338,0.75366,0.56106,0.64936,0.37967,1.59168,1.5324,0.02067,0.0076735,0.0076735,0.0076735
96,590.993,1.49166,1.47824,0.01311,0.75364,0.57785,0.63778,0.36353,1.6355,1.63372,0.01976,0.00764875,0.00764875,0.00764875
97,596.401,1.50923,1.45935,0.01382,0.64827,0.609,0.63593,0.3627,1.6073,1.58932,0.01907,0.007624,0.007624,0.007624
98,601.832,1.53778,1.53085,0.01362,0.74036,0.60208,0.68178,0.40735,1.54698,1.45802,0.01868,0.00759925,0.00759925,0.00759925
99,608.852,1.51699,1.50285,0.01348,0.74802,0.61632,0.69959,0.41463,1.54133,1.38822,0.01913,0.0075745,0.0075745,0.0075745
100,614.279,1.47647,1.40306,0.01307,0.75817,0.57439,0.68046,0.40025,1.55628,1.58924,0.01897,0.00754975,0.00754975,0.00754975
101,621.213,1.47933,1.45814,0.013,0.75298,0.58131,0.67142,0.41281,1.48043,1.60062,0.01791,0.007525,0.007525,0.007525
102,626.864,1.46698,1.41773,0.01373,0.81398,0.55363,0.69187,0.40975,1.4867,1.51063,0.01783,0.00750025,0.00750025,0.00750025
103,632.369,1.48032,1.38951,0.01313,0.75807,0.57439,0.66096,0.41165,1.49953,1.57346,0.01791,0.0074755,0.0074755,0.0074755
104,639.327,1.4979,1.45375,0.01325,0.79798,0.6014,0.70017,0.43363,1.44902,1.37383,0.01778,0.00745075,0.00745075,0.00745075
105,644.552,1.47492,1.4208,0.01287,0.80676,0.54897,0.67795,0.41238,1.55288,1.4458,0.01859,0.007426,0.007426,0.007426
106,651.163,1.46623,1.42072,0.01316,0.78688,0.60047,0.69397,0.42864,1.50248,1.41722,0.01808,0.00740125,0.00740125,0.00740125
107,656.783,1.43687,1.37854,0.0131,0.83258,0.57785,0.7015,0.43679,1.43098,1.38777,0.01717,0.0073765,0.0073765,0.0073765
108,662.118,1.42796,1.35556,0.01266,0.77991,0.59862,0.69946,0.44967,1.43049,1.36267,0.01722,0.00735175,0.00735175,0.00735175
109,669.546,1.4572,1.41864,0.01264,0.8089,0.57439,0.6749,0.42305,1.50662,1.52917,0.01803,0.007327,0.007327,0.007327
110,674.742,1.44373,1.37202,0.01278,0.80735,0.56055,0.6956,0.43501,1.48644,1.35949,0.01859,0.00730225,0.00730225,0.00730225
111,681.001,1.50407,1.42494,0.01316,0.70165,0.61845,0.68853,0.40978,1.53289,1.35262,0.01811,0.0072775,0.0072775,0.0072775
112,687.285,1.44304,1.39454,0.01237,0.77829,0.62976,0.71963,0.46252,1.4161,1.27765,0.0171,0.00725275,0.00725275,0.00725275
113,692.539,1.47343,1.40924,0.01282,0.76968,0.609,0.70348,0.44477,1.47959,1.30834,0.01797,0.007228,0.007228,0.007228
114,700.002,1.4743,1.43255,0.01279,0.79045,0.62652,0.71001,0.43404,1.51415,1.31758,0.01836,0.00720325,0.00720325,0.00720325
115,705.306,1.44413,1.41248,0.01269,0.76033,0.53633,0.62333,0.3608,1.64328,1.66173,0.01996,0.0071785,0.0071785,0.0071785
116,711.328,1.42386,1.39364,0.01258,0.80781,0.58176,0.69624,0.40266,1.64386,1.41295,0.02004,0.00715375,0.00715375,0.00715375
117,717.735,1.43575,1.40913,0.01299,0.76298,0.58824,0.68523,0.43251,1.42094,1.52032,0.0174,0.007129,0.007129,0.007129
118,723.209,1.40938,1.41664,0.01263,0.77818,0.58478,0.6864,0.42364,1.51086,1.45349,0.018,0.00710425,0.00710425,0.00710425
119,730.603,1.42939,1.35356,0.01267,0.77651,0.63322,0.71462,0.4565,1.43369,1.32748,0.01713,0.0070795,0.0070795,0.0070795
120,735.908,1.44418,1.37098,0.01181,0.71564,0.6444,0.68806,0.42245,1.51293,1.46602,0.01854,0.00705475,0.00705475,0.00705475
121,741.868,1.43396,1.35489,0.01185,0.74378,0.6263,0.69702,0.45063,1.43525,1.31346,0.01732,0.00703,0.00703,0.00703
122,748.384,1.42052,1.34971,0.01268,0.74572,0.64706,0.71653,0.45907,1.46394,1.26952,0.01783,0.00700525,0.00700525,0.00700525
123,753.681,1.42736,1.37833,0.01243,0.82751,0.59759,0.72191,0.46445,1.40675,1.27894,0.01703,0.0069805,0.0069805,0.0069805
124,761.081,1.44924,1.33082,0.01308,0.80518,0.63668,0.71064,0.45212,1.43282,1.33602,0.01777,0.00695575,0.00695575,0.00695575
125,766.281,1.40064,1.3132,0.01232,0.74767,0.66436,0.73124,0.46097,1.49621,1.26125,0.01774,0.006931,0.006931,0.006931
126,771.68,1.41571,1.33391,0.01249,0.78405,0.64014,0.73777,0.46614,1.40088,1.24779,0.01693,0.00690625,0.00690625,0.00690625
127,778.992,1.42797,1.31182,0.0128,0.79838,0.57093,0.69088,0.44144,1.45524,1.33509,0.01844,0.0068815,0.0068815,0.0068815
128,784.293,1.41336,1.32529,0.01214,0.70501,0.6285,0.69989,0.43186,1.45648,1.39906,0.01816,0.00685675,0.00685675,0.00685675
129,791.7,1.40926,1.30441,0.01213,0.73814,0.6436,0.70158,0.43633,1.45398,1.40679,0.01768,0.006832,0.006832,0.006832
130,797.151,1.39036,1.27634,0.01215,0.70913,0.62427,0.69133,0.43236,1.47914,1.52011,0.01813,0.00680725,0.00680725,0.00680725
131,802.611,1.40769,1.35073,0.01185,0.77339,0.64706,0.73359,0.48336,1.33677,1.24461,0.01614,0.0067825,0.0067825,0.0067825
132,809.444,1.4152,1.33255,0.01252,0.7544,0.55709,0.62661,0.38864,1.51612,1.73866,0.01929,0.00675775,0.00675775,0.00675775
133,814.766,1.37065,1.30055,0.01166,0.74816,0.6436,0.70947,0.45097,1.4433,1.35958,0.01725,0.006733,0.006733,0.006733
134,821.482,1.37115,1.31499,0.01241,0.85748,0.63322,0.74848,0.44718,1.54316,1.23429,0.01855,0.00670825,0.00670825,0.00670825
135,827.473,1.34776,1.27711,0.01165,0.74303,0.61032,0.70934,0.45493,1.4231,1.30627,0.0172,0.0066835,0.0066835,0.0066835
136,833.07,1.39241,1.25132,0.01263,0.7716,0.57093,0.67397,0.43344,1.43637,1.41967,0.01813,0.00665875,0.00665875,0.00665875
137,840.08,1.40149,1.30828,0.01181,0.79805,0.6436,0.73281,0.48457,1.34689,1.24152,0.01628,0.006634,0.006634,0.006634
138,845.468,1.3721,1.26919,0.01208,0.7686,0.609,0.70783,0.44141,1.46669,1.34079,0.01871,0.00660925,0.00660925,0.00660925
139,852.189,1.36062,1.30582,0.0116,0.83711,0.5917,0.72366,0.46385,1.40588,1.23653,0.01682,0.0065845,0.0065845,0.0065845
140,858.008,1.35267,1.26479,0.01157,0.76967,0.59862,0.67318,0.43281,1.40707,1.48982,0.01736,0.00655975,0.00655975,0.00655975
141,863.386,1.3378,1.2635,0.01148,0.80292,0.58824,0.6942,0.45269,1.39513,1.40718,0.01699,0.006535,0.006535,0.006535
142,870.68,1.35464,1.27355,0.01155,0.84191,0.58131,0.71045,0.47099,1.37818,1.31924,0.01682,0.00651025,0.00651025,0.00651025
143,876.033,1.40041,1.29586,0.01171,0.80683,0.58131,0.68422,0.43568,1.47762,1.3915,0.01759,0.0064855,0.0064855,0.0064855
144,883.144,1.38628,1.29906,0.01185,0.78857,0.61592,0.68461,0.43602,1.46509,1.47781,0.01791,0.00646075,0.00646075,0.00646075
145,888.774,1.34482,1.23535,0.01154,0.77361,0.59862,0.66427,0.43913,1.4226,1.53126,0.01739,0.006436,0.006436,0.006436
146,894.166,1.36944,1.27688,0.01144,0.82157,0.60208,0.70234,0.44208,1.46232,1.41473,0.01803,0.00641125,0.00641125,0.00641125
147,901.304,1.3055,1.23084,0.01135,0.86086,0.57439,0.69863,0.43649,1.47074,1.46504,0.01856,0.0063865,0.0063865,0.0063865
148,906.676,1.33636,1.22121,0.01118,0.76963,0.61592,0.72519,0.4715,1.35995,1.29864,0.01617,0.00636175,0.00636175,0.00636175
149,913.425,1.34711,1.25246,0.01148,0.68502,0.64706,0.71418,0.46194,1.38239,1.34117,0.01747,0.006337,0.006337,0.006337
150,919.213,1.31996,1.19538,0.01108,0.83262,0.58522,0.73435,0.47682,1.34683,1.25917,0.01651,0.00631225,0.00631225,0.00631225
151,924.534,1.40107,1.23994,0.01208,0.84477,0.62142,0.74002,0.4805,1.35818,1.21834,0.0165,0.0062875,0.0062875,0.0062875
152,931.966,1.3389,1.22072,0.01129,0.82839,0.609,0.72675,0.47675,1.35557,1.32104,0.01675,0.00626275,0.00626275,0.00626275
153,937.355,1.31538,1.23759,0.01136,0.82428,0.61592,0.72772,0.47397,1.32117,1.29074,0.01593,0.006238,0.006238,0.006238
154,944.34,1.34628,1.25009,0.01181,0.82571,0.59862,0.72852,0.48918,1.32479,1.26905,0.01594,0.00621325,0.00621325,0.00621325
155,949.959,1.31621,1.20285,0.01094,0.81895,0.63322,0.74289,0.48751,1.35334,1.2456,0.01621,0.0061885,0.0061885,0.0061885
156,955.322,1.32078,1.18744,0.01139,0.83946,0.59516,0.73387,0.49786,1.29267,1.22759,0.01587,0.00616375,0.00616375,0.00616375
157,962.535,1.31719,1.22239,0.01152,0.74164,0.65744,0.72996,0.48509,1.28822,1.23709,0.01554,0.006139,0.006139,0.006139
158,967.864,1.36037,1.25291,0.01151,0.7952,0.63145,0.73296,0.48415,1.34457,1.24938,0.01672,0.00611425,0.00611425,0.00611425
159,975.051,1.29866,1.24108,0.01122,0.82121,0.61982,0.72716,0.48043,1.39122,1.3069,0.01716,0.0060895,0.0060895,0.0060895
160,980.666,1.29588,1.21365,0.01085,0.85877,0.56809,0.68115,0.4368,1.45964,1.51284,0.01734,0.00606475,0.00606475,0.00606475
161,986.185,1.33851,1.20504,0.01113,0.80462,0.64124,0.73669,0.49088,1.3445,1.26472,0.01642,0.00604,0.00604,0.00604
162,993.216,1.32148,1.21456,0.01102,0.80571,0.6263,0.73829,0.48267,1.37962,1.23842,0.01668,0.00601525,0.00601525,0.00601525
163,998.71,1.34885,1.22327,0.01137,0.80298,0.57093,0.71136,0.46187,1.42915,1.32244,0.01752,0.0059905,0.0059905,0.0059905
164,1005.85,1.30375,1.16546,0.01132,0.85066,0.61103,0.7414,0.46969,1.38297,1.27491,0.01762,0.00596575,0.00596575,0.00596575
165,1011.39,1.27772,1.20143,0.01102,0.84116,0.60468,0.72221,0.48098,1.32616,1.30004,0.01601,0.005941,0.005941,0.005941
166,1016.74,1.33209,1.20998,0.01109,0.81675,0.61689,0.73821,0.47026,1.38226,1.26493,0.01637,0.00591625,0.00591625,0.00591625
167,1023.98,1.31797,1.15637,0.01101,0.78963,0.6494,0.74951,0.50928,1.28589,1.17858,0.01551,0.0058915,0.0058915,0.0058915
168,1029.52,1.30412,1.20356,0.01094,0.82778,0.59516,0.71272,0.47384,1.35179,1.3636,0.01634,0.00586675,0.00586675,0.00586675
169,1036.48,1.3227,1.19821,0.01071,0.81377,0.58478,0.7122,0.46238,1.3967,1.39511,0.0164,0.005842,0.005842,0.005842
170,1042.09,1.3022,1.15562,0.01081,0.77015,0.61246,0.69663,0.45949,1.36265,1.38748,0.01616,0.00581725,0.00581725,0.00581725
171,1047.58,1.30576,1.18913,0.01077,0.84005,0.61938,0.73798,0.49433,1.33917,1.2232,0.01644,0.0057925,0.0057925,0.0057925
172,1054.73,1.29909,1.16763,0.01148,0.86926,0.59516,0.7347,0.48342,1.35557,1.27723,0.01657,0.00576775,0.00576775,0.00576775
173,1060.07,1.30884,1.17663,0.01067,0.7568,0.6782,0.74264,0.51218,1.26322,1.19144,0.01537,0.005743,0.005743,0.005743
174,1067.29,1.28319,1.13292,0.01072,0.76131,0.65115,0.73401,0.49761,1.29584,1.20359,0.01582,0.00571825,0.00571825,0.00571825
175,1072.64,1.2968,1.12605,0.01096,0.80169,0.62946,0.73301,0.48891,1.32556,1.23954,0.01615,0.0056935,0.0056935,0.0056935
176,1078.29,1.2765,1.12495,0.01112,0.79603,0.65052,0.7383,0.47194,1.38407,1.23419,0.01693,0.00566875,0.00566875,0.00566875
177,1085.41,1.3168,1.14318,0.01058,0.70714,0.60554,0.69056,0.45767,1.3556,1.37161,0.01649,0.005644,0.005644,0.005644
178,1090.67,1.29988,1.12934,0.01119,0.76201,0.7128,0.77214,0.51906,1.2894,1.10005,0.01557,0.00561925,0.00561925,0.00561925
179,1097.82,1.25486,1.11284,0.01059,0.80047,0.66633,0.76661,0.51426,1.28202,1.11649,0.01511,0.0055945,0.0055945,0.0055945
180,1103.21,1.27742,1.16041,0.01049,0.84516,0.65052,0.75222,0.49829,1.32859,1.11384,0.01575,0.00556975,0.00556975,0.00556975
181,1108.64,1.23189,1.15761,0.01044,0.82114,0.63542,0.7518,0.49243,1.34398,1.19228,0.01607,0.005545,0.005545,0.005545
182,1115.58,1.27497,1.15017,0.01074,0.81483,0.66436,0.76477,0.51248,1.28009,1.1494,0.01529,0.00552025,0.00552025,0.00552025
183,1120.96,1.25304,1.18941,0.01008,0.79113,0.66843,0.76477,0.50246,1.26227,1.15361,0.01561,0.0054955,0.0054955,0.0054955
184,1128.25,1.2751,1.14074,0.01063,0.81885,0.62565,0.73851,0.48356,1.31286,1.24975,0.01648,0.00547075,0.00547075,0.00547075
185,1133.5,1.24576,1.14315,0.01055,0.84245,0.65398,0.77463,0.52484,1.25384,1.09545,0.01508,0.005446,0.005446,0.005446
186,1138.9,1.26203,1.14133,0.01116,0.81564,0.62284,0.72505,0.48423,1.33256,1.25187,0.01585,0.00542125,0.00542125,0.00542125
187,1145.91,1.22748,1.11877,0.01042,0.80196,0.64454,0.75757,0.51698,1.24843,1.19788,0.01484,0.0053965,0.0053965,0.0053965
188,1151.22,1.29889,1.1309,0.01064,0.74993,0.6641,0.7551,0.50175,1.28999,1.18292,0.01505,0.00537175,0.00537175,0.00537175
189,1158.17,1.28755,1.14643,0.01103,0.7793,0.63322,0.72873,0.47707,1.36526,1.25613,0.01596,0.005347,0.005347,0.005347
190,1163.74,1.2781,1.16632,0.0105,0.80575,0.60283,0.73123,0.49059,1.31833,1.2607,0.01507,0.00532225,0.00532225,0.00532225
191,1169.18,1.26423,1.1043,0.01021,0.75899,0.66436,0.74605,0.49114,1.35153,1.2098,0.01574,0.0052975,0.0052975,0.0052975
192,1176.46,1.27281,1.13133,0.01124,0.76936,0.58865,0.69357,0.46095,1.4009,1.38356,0.01646,0.00527275,0.00527275,0.00527275
193,1181.72,1.28396,1.12751,0.01014,0.81698,0.63328,0.76523,0.50741,1.29318,1.12375,0.01493,0.005248,0.005248,0.005248
194,1188.65,1.24795,1.12957,0.01079,0.81766,0.60554,0.74291,0.49754,1.30863,1.21918,0.01648,0.00522325,0.00522325,0.00522325
195,1194.3,1.27919,1.14938,0.01099,0.82801,0.6263,0.72227,0.47693,1.38577,1.33544,0.01692,0.0051985,0.0051985,0.0051985
196,1199.9,1.23869,1.09715,0.01046,0.89557,0.58824,0.72844,0.4846,1.37822,1.34367,0.01669,0.00517375,0.00517375,0.00517375
197,1206.95,1.25677,1.12855,0.0109,0.85698,0.64277,0.75552,0.50198,1.30403,1.14585,0.01589,0.005149,0.005149,0.005149
198,1212.37,1.23559,1.09427,0.01073,0.85383,0.6266,0.74721,0.50288,1.26029,1.15799,0.01506,0.00512425,0.00512425,0.00512425
199,1219.19,1.23946,1.11302,0.01046,0.80454,0.62669,0.73663,0.50569,1.24057,1.15764,0.01489,0.0050995,0.0050995,0.0050995
200,1224.98,1.18508,1.06624,0.01007,0.82422,0.60208,0.70993,0.49199,1.28901,1.28841,0.0151,0.00507475,0.00507475,0.00507475
201,1230.46,1.24843,1.12677,0.01067,0.78113,0.64215,0.7305,0.50578,1.29635,1.20073,0.01545,0.00505,0.00505,0.00505
202,1237.53,1.22754,1.06535,0.01037,0.85977,0.62284,0.74917,0.5212,1.25157,1.18678,0.01512,0.00502525,0.00502525,0.00502525
203,1242.97,1.24065,1.07922,0.01045,0.79779,0.6553,0.76411,0.53576,1.22427,1.13268,0.01468,0.0050005,0.0050005,0.0050005
204,1250.25,1.2526,1.08999,0.01074,0.83797,0.6263,0.76015,0.51232,1.26529,1.16058,0.01522,0.00497575,0.00497575,0.00497575
205,1255.74,1.20697,1.03454,0.01026,0.80954,0.67653,0.78171,0.5352,1.28153,1.05882,0.01547,0.004951,0.004951,0.004951
206,1261.83,1.24043,1.08823,0.01003,0.80928,0.6782,0.77724,0.53868,1.24696,1.08884,0.01461,0.00492625,0.00492625,0.00492625
207,1268.6,1.1918,1.06294,0.01008,0.83893,0.61938,0.75686,0.51418,1.2901,1.16197,0.01593,0.0049015,0.0049015,0.0049015
208,1273.99,1.2176,1.0375,0.01004,0.7646,0.69682,0.76644,0.51784,1.26187,1.11875,0.01519,0.00487675,0.00487675,0.00487675
209,1281.25,1.21992,1.05846,0.0098,0.84303,0.6504,0.7673,0.51942,1.25258,1.09498,0.01529,0.004852,0.004852,0.004852
210,1286.59,1.24289,1.06271,0.01079,0.79951,0.67612,0.77442,0.531,1.22427,1.08615,0.01466,0.00482725,0.00482725,0.00482725
211,1292.16,1.23602,1.05877,0.01058,0.80199,0.65869,0.74637,0.50829,1.26408,1.21258,0.01524,0.0048025,0.0048025,0.0048025
212,1299.38,1.22243,1.05602,0.01035,0.82793,0.6436,0.76638,0.52352,1.24897,1.08741,0.01518,0.00477775,0.00477775,0.00477775
213,1304.9,1.20482,1.04679,0.01021,0.80169,0.67474,0.76351,0.52611,1.25521,1.09478,0.0154,0.004753,0.004753,0.004753
214,1312.09,1.22578,1.04975,0.01011,0.86188,0.66782,0.78388,0.53441,1.25305,1.06049,0.0149,0.00472825,0.00472825,0.00472825
215,1317.67,1.21746,1.06762,0.01031,0.84877,0.64085,0.75992,0.50926,1.24979,1.19335,0.01521,0.0047035,0.0047035,0.0047035
216,1323.5,1.19736,1.02631,0.00994,0.78141,0.6556,0.75665,0.51251,1.25037,1.1536,0.0151,0.00467875,0.00467875,0.00467875
217,1330.19,1.2151,1.05501,0.01057,0.88799,0.63092,0.77191,0.53078,1.24288,1.09174,0.01461,0.004654,0.004654,0.004654
218,1335.56,1.21009,1.02599,0.0098,0.85194,0.63668,0.77055,0.53381,1.25084,1.0479,0.01487,0.00462925,0.00462925,0.00462925
219,1342.9,1.27203,1.07747,0.01041,0.89293,0.63483,0.76899,0.52405,1.27993,1.08049,0.01533,0.0046045,0.0046045,0.0046045
220,1348.34,1.25699,1.06086,0.01076,0.81681,0.67884,0.78405,0.53983,1.23473,1.04303,0.01489,0.00457975,0.00457975,0.00457975
221,1354.37,1.21477,1.06876,0.00984,0.81206,0.69204,0.78922,0.5312,1.28137,1.05328,0.01562,0.004555,0.004555,0.004555
222,1361.04,1.19711,1.02545,0.01025,0.8666,0.6436,0.77109,0.52207,1.28784,1.12005,0.01588,0.00453025,0.00453025,0.00453025
223,1366.37,1.19089,1.01898,0.0099,0.92682,0.61357,0.76435,0.52328,1.29024,1.14088,0.0161,0.0045055,0.0045055,0.0045055
224,1373.7,1.22641,1.05163,0.0104,0.78546,0.65874,0.7512,0.50341,1.29103,1.2667,0.01576,0.00448075,0.00448075,0.00448075
225,1379.22,1.19966,1.03559,0.00964,0.84197,0.65398,0.7884,0.5339,1.24763,1.0837,0.01491,0.004456,0.004456,0.004456
226,1385.04,1.19704,1.02721,0.01035,0.8954,0.64706,0.79772,0.5326,1.26852,1.08733,0.01528,0.00443125,0.00443125,0.00443125
227,1391.85,1.20686,1.02612,0.00996,0.8607,0.59866,0.72059,0.47189,1.33198,1.31588,0.01601,0.0044065,0.0044065,0.0044065
228,1397.17,1.21062,1.01271,0.00973,0.85517,0.61938,0.75388,0.51137,1.27555,1.18136,0.01551,0.00438175,0.00438175,0.00438175
229,1404.1,1.21492,1.06692,0.0101,0.83021,0.61938,0.74159,0.5038,1.29888,1.20411,0.01633,0.004357,0.004357,0.004357
230,1409.79,1.19139,1.02927,0.01045,0.88405,0.65955,0.78742,0.55322,1.21045,1.02688,0.01438,0.00433225,0.00433225,0.00433225
231,1415.14,1.17113,1.00103,0.00948,0.7996,0.6782,0.78515,0.56204,1.194,1.01039,0.01422,0.0043075,0.0043075,0.0043075
232,1422.24,1.21217,1.02918,0.01038,0.83473,0.6609,0.77229,0.53457,1.2522,1.11114,0.0152,0.00428275,0.00428275,0.00428275
233,1427.85,1.17165,0.96401,0.00986,0.85241,0.66782,0.79038,0.55714,1.17534,1.0982,0.0137,0.004258,0.004258,0.004258
234,1434.74,1.18027,1.00223,0.00962,0.83384,0.69455,0.78954,0.56026,1.19557,1.02099,0.01405,0.00423325,0.00423325,0.00423325
235,1440.44,1.1912,1.02613,0.01031,0.81611,0.6955,0.78258,0.54416,1.24092,1.09442,0.01492,0.0042085,0.0042085,0.0042085
236,1445.99,1.18891,0.99253,0.01023,0.81235,0.68904,0.78975,0.54652,1.2483,1.02294,0.01472,0.00418375,0.00418375,0.00418375
237,1453.06,1.20013,1.01045,0.01001,0.86892,0.66518,0.79995,0.55606,1.21796,0.98075,0.01454,0.004159,0.004159,0.004159
238,1458.42,1.16464,0.99648,0.0099,0.84794,0.67128,0.78253,0.53302,1.2544,1.06008,0.01507,0.00413425,0.00413425,0.00413425
239,1465.33,1.16784,0.98311,0.00975,0.79028,0.70413,0.79092,0.55093,1.2119,1.01664,0.01414,0.0041095,0.0041095,0.0041095
240,1471.14,1.17994,0.97121,0.00967,0.80333,0.73702,0.80459,0.56381,1.21332,0.94525,0.01442,0.00408475,0.00408475,0.00408475
241,1476.5,1.16849,0.98724,0.00952,0.84908,0.63668,0.77967,0.54654,1.23306,1.04126,0.015,0.00406,0.00406,0.00406
242,1483.84,1.17009,1.00459,0.00943,0.8728,0.65744,0.79331,0.5556,1.21359,1.00383,0.01427,0.00403525,0.00403525,0.00403525
243,1489.22,1.21052,1.02887,0.00962,0.81613,0.72318,0.79141,0.55346,1.21437,1.00289,0.01466,0.0040105,0.0040105,0.0040105
244,1495.89,1.1644,0.98622,0.00972,0.83128,0.6782,0.77439,0.54872,1.21092,1.04382,0.01493,0.00398575,0.00398575,0.00398575
245,1501.51,1.17434,1.02829,0.00963,0.77285,0.68858,0.76599,0.54383,1.21073,1.0517,0.01457,0.003961,0.003961,0.003961
246,1506.98,1.13204,0.96427,0.00919,0.87077,0.6609,0.78421,0.54847,1.21204,1.02736,0.01441,0.00393625,0.00393625,0.00393625
247,1514.15,1.15396,0.98553,0.00966,0.84749,0.71146,0.80057,0.5607,1.18599,1.02336,0.01428,0.0039115,0.0039115,0.0039115
248,1519.55,1.17176,1.02187,0.00958,0.84472,0.67765,0.78288,0.54631,1.19851,1.04331,0.0143,0.00388675,0.00388675,0.00388675
249,1526.39,1.2036,1.03586,0.00998,0.82878,0.65322,0.7623,0.52945,1.24651,1.12941,0.01551,0.003862,0.003862,0.003862
250,1532.1,1.14899,1.00215,0.00931,0.85685,0.70242,0.81236,0.57458,1.17021,0.94169,0.01391,0.00383725,0.00383725,0.00383725
251,1537.7,1.10368,0.93261,0.00927,0.79597,0.71626,0.80983,0.57229,1.16256,0.9652,0.01343,0.0038125,0.0038125,0.0038125
252,1544.81,1.13977,0.98019,0.00922,0.83088,0.69698,0.80674,0.57218,1.16119,0.98151,0.01406,0.00378775,0.00378775,0.00378775
253,1550.33,1.15531,1.00974,0.00925,0.83428,0.69681,0.80454,0.56547,1.19389,0.97275,0.01419,0.003763,0.003763,0.003763
254,1557.18,1.17471,0.99137,0.00977,0.80342,0.6788,0.7915,0.56157,1.20377,1.03176,0.0149,0.00373825,0.00373825,0.00373825
255,1562.92,1.14231,0.99264,0.00961,0.82513,0.68576,0.79863,0.571,1.206,0.98334,0.0145,0.0037135,0.0037135,0.0037135
256,1568.4,1.15337,1.02822,0.00895,0.87208,0.66782,0.79678,0.56771,1.19139,0.98569,0.01419,0.00368875,0.00368875,0.00368875
257,1575.43,1.14028,0.97831,0.00895,0.87641,0.62976,0.77958,0.54939,1.2374,1.01477,0.01501,0.003664,0.003664,0.003664
258,1580.78,1.12489,0.9255,0.00892,0.77861,0.65744,0.75816,0.53433,1.2306,1.14242,0.01483,0.00363925,0.00363925,0.00363925
259,1587.56,1.14668,0.94902,0.00917,0.80577,0.67469,0.78457,0.54252,1.2369,1.05608,0.01478,0.0036145,0.0036145,0.0036145
260,1593.66,1.10555,0.90669,0.00924,0.78062,0.73356,0.80403,0.56335,1.21327,0.97053,0.01464,0.00358975,0.00358975,0.00358975
261,1599.23,1.18158,1.00611,0.00956,0.79759,0.7301,0.8169,0.5705,1.23129,0.91867,0.01475,0.003565,0.003565,0.003565
262,1606.26,1.14405,0.95227,0.00974,0.80091,0.72385,0.81551,0.55911,1.21661,0.9766,0.01451,0.00354025,0.00354025,0.00354025
263,1611.61,1.15288,0.93417,0.00961,0.75877,0.72664,0.80511,0.55001,1.25033,0.95873,0.01548,0.0035155,0.0035155,0.0035155
264,1618.47,1.12702,0.9526,0.00928,0.81793,0.68397,0.79467,0.55674,1.24056,0.9885,0.01481,0.00349075,0.00349075,0.00349075
265,1624.05,1.0896,0.9267,0.00916,0.80711,0.71972,0.80648,0.56328,1.19707,0.98964,0.01434,0.003466,0.003466,0.003466
266,1629.46,1.10868,0.9132,0.00917,0.88354,0.69896,0.82279,0.57564,1.17957,0.95206,0.01418,0.00344125,0.00344125,0.00344125
267,1636.62,1.11876,0.94929,0.00912,0.87109,0.70146,0.8095,0.56037,1.24498,0.98011,0.01489,0.0034165,0.0034165,0.0034165
268,1641.97,1.14952,0.92152,0.00904,0.82556,0.68779,0.78532,0.54606,1.26481,1.0119,0.01526,0.00339175,0.00339175,0.00339175
269,1648.87,1.13338,0.94047,0.00937,0.81323,0.70242,0.79356,0.55414,1.22419,1.03118,0.01505,0.003367,0.003367,0.003367
270,1654.88,1.1292,0.95829,0.00942,0.84327,0.67474,0.7733,0.54296,1.22054,1.13256,0.01453,0.00334225,0.00334225,0.00334225
271,1660.47,1.12961,0.96339,0.009,0.85029,0.68858,0.79206,0.55547,1.19615,1.08062,0.01409,0.0033175,0.0033175,0.0033175
272,1667.47,1.11402,0.95692,0.00941,0.76444,0.69204,0.78106,0.54782,1.21741,1.03243,0.01472,0.00329275,0.00329275,0.00329275
273,1672.7,1.13059,0.95217,0.00916,0.85015,0.66747,0.7806,0.55036,1.21676,1.01798,0.01488,0.003268,0.003268,0.003268
274,1679.45,1.09376,0.90949,0.00916,0.82427,0.68167,0.79386,0.55007,1.21326,0.98314,0.01461,0.00324325,0.00324325,0.00324325
275,1685.08,1.11017,0.94232,0.00934,0.84245,0.63322,0.7711,0.54173,1.20949,1.03242,0.01465,0.0032185,0.0032185,0.0032185
276,1690.33,1.09652,0.91766,0.00916,0.78492,0.66926,0.77013,0.55403,1.16667,1.07185,0.01379,0.00319375,0.00319375,0.00319375
277,1697.71,1.165,0.94851,0.00909,0.77251,0.68166,0.76464,0.54208,1.1868,1.07229,0.01411,0.003169,0.003169,0.003169
278,1703.13,1.12191,0.94183,0.00907,0.83605,0.66782,0.78178,0.55448,1.18187,1.01067,0.01404,0.00314425,0.00314425,0.00314425
279,1710.06,1.11586,0.93416,0.00935,0.82578,0.67128,0.78709,0.55649,1.20945,1.00886,0.01406,0.0031195,0.0031195,0.0031195
280,1715.86,1.09295,0.88021,0.00862,0.859,0.7128,0.80839,0.57508,1.19881,0.94154,0.01449,0.00309475,0.00309475,0.00309475
281,1721.41,1.15707,0.94416,0.00932,0.84948,0.70303,0.80287,0.5761,1.17479,0.93067,0.01409,0.00307,0.00307,0.00307
282,1728.59,1.12225,0.9133,0.00966,0.80622,0.69204,0.78432,0.56498,1.19606,0.9935,0.01422,0.00304525,0.00304525,0.00304525
283,1733.9,1.11884,0.94042,0.00924,0.84673,0.67474,0.8013,0.57629,1.16575,0.93411,0.0137,0.0030205,0.0030205,0.0030205
284,1740.8,1.09074,0.89734,0.00909,0.9062,0.66862,0.80189,0.57349,1.19021,0.9601,0.01397,0.00299575,0.00299575,0.00299575
285,1746.49,1.10613,0.91555,0.00877,0.80251,0.70302,0.80008,0.56435,1.20158,1.00174,0.01395,0.002971,0.002971,0.002971
286,1751.95,1.10556,0.89605,0.00903,0.8379,0.6436,0.78372,0.55146,1.21725,1.04431,0.01471,0.00294625,0.00294625,0.00294625
287,1759.08,1.10125,0.93294,0.00898,0.84517,0.6782,0.79708,0.56268,1.20758,0.97227,0.01432,0.0029215,0.0029215,0.0029215
288,1764.69,1.08992,0.87906,0.00881,0.79375,0.69896,0.78961,0.55596,1.1789,1.03459,0.01423,0.00289675,0.00289675,0.00289675
289,1771.7,1.13703,0.92783,0.00881,0.82745,0.67128,0.79701,0.56386,1.19099,0.96813,0.01446,0.002872,0.002872,0.002872
290,1777.51,1.09144,0.88853,0.00884,0.80349,0.69204,0.79309,0.55977,1.1986,1.0262,0.0147,0.00284725,0.00284725,0.00284725
291,1783.35,1.12769,0.9293,0.00925,0.85153,0.69461,0.78781,0.55914,1.1799,1.04029,0.01455,0.0028225,0.0028225,0.0028225
292,1790.62,1.04745,0.88803,0.00872,0.8262,0.69086,0.79829,0.57973,1.17096,0.99244,0.01422,0.00279775,0.00279775,0.00279775
293,1795.98,1.07634,0.87649,0.00888,0.85694,0.70242,0.81603,0.58887,1.14745,0.9381,0.01376,0.002773,0.002773,0.002773
294,1803.06,1.11762,0.89107,0.00887,0.84907,0.69896,0.80131,0.57132,1.19743,0.93746,0.01425,0.00274825,0.00274825,0.00274825
295,1808.62,1.08198,0.93696,0.00918,0.86931,0.66745,0.80002,0.57485,1.17507,0.96488,0.01407,0.0027235,0.0027235,0.0027235
296,1814.1,1.1021,0.92569,0.00848,0.85982,0.72664,0.81584,0.58943,1.14931,0.89776,0.01392,0.00269875,0.00269875,0.00269875
297,1821.13,1.08297,0.90434,0.00827,0.85076,0.73702,0.82482,0.58637,1.18947,0.90818,0.01412,0.002674,0.002674,0.002674
298,1826.76,1.09924,0.92812,0.00895,0.87355,0.69324,0.81849,0.579,1.18275,0.91725,0.01394,0.00264925,0.00264925,0.00264925
299,1833.88,1.06615,0.91086,0.00856,0.81879,0.70588,0.80699,0.57687,1.17285,0.91038,0.01398,0.0026245,0.0026245,0.0026245
300,1839.66,1.05885,0.88503,0.00841,0.85287,0.71972,0.81085,0.57979,1.16297,0.94955,0.01412,0.00259975,0.00259975,0.00259975
301,1845.45,1.08443,0.92099,0.00877,0.85031,0.70588,0.80048,0.57744,1.17491,0.94293,0.01405,0.002575,0.002575,0.002575
302,1852.26,1.08474,0.92891,0.00849,0.81342,0.71626,0.80536,0.58273,1.1522,0.92259,0.01384,0.00255025,0.00255025,0.00255025
303,1857.64,1.05684,0.90455,0.00865,0.81312,0.75087,0.81896,0.5887,1.1659,0.91141,0.01424,0.0025255,0.0025255,0.0025255
304,1864.71,1.09643,0.91519,0.00868,0.83778,0.75054,0.8309,0.59105,1.15238,0.88353,0.01413,0.00250075,0.00250075,0.00250075
305,1870.18,1.09979,0.89171,0.00918,0.83161,0.7128,0.82313,0.59568,1.13179,0.91557,0.01365,0.002476,0.002476,0.002476
306,1875.85,1.08047,0.92514,0.00874,0.8679,0.66436,0.802,0.5838,1.12884,0.9723,0.01372,0.00245125,0.00245125,0.00245125
307,1883.04,1.0503,0.88094,0.00849,0.79652,0.72664,0.81002,0.5879,1.12947,0.95217,0.01352,0.0024265,0.0024265,0.0024265
308,1888.34,1.07362,0.86986,0.00899,0.85178,0.67128,0.80318,0.5836,1.13741,0.9657,0.01366,0.00240175,0.00240175,0.00240175
309,1895.62,1.06701,0.88317,0.00874,0.91423,0.65052,0.80329,0.5699,1.17564,0.98853,0.01424,0.002377,0.002377,0.002377
310,1900.94,1.07357,0.88556,0.00875,0.83378,0.68512,0.78454,0.56149,1.1842,1.04574,0.01431,0.00235225,0.00235225,0.00235225
311,1906.55,1.0593,0.8742,0.00842,0.87432,0.65744,0.78356,0.56468,1.13244,1.02509,0.01333,0.0023275,0.0023275,0.0023275
312,1913.52,1.05937,0.88536,0.00856,0.84128,0.68166,0.79242,0.57188,1.12885,1.01471,0.01345,0.00230275,0.00230275,0.00230275
313,1918.86,1.10345,0.92589,0.00894,0.87055,0.66436,0.79509,0.57846,1.13466,0.9886,0.01344,0.002278,0.002278,0.002278
314,1925.68,1.05752,0.91162,0.00883,0.84426,0.68166,0.77604,0.55543,1.18964,1.07049,0.01455,0.00225325,0.00225325,0.00225325
315,1931.43,1.07288,0.89316,0.00899,0.82837,0.68512,0.77479,0.55837,1.18928,1.04905,0.01408,0.0022285,0.0022285,0.0022285
316,1937.65,1.04157,0.88136,0.00852,0.82618,0.69076,0.79475,0.56807,1.20141,0.9935,0.01401,0.00220375,0.00220375,0.00220375
317,1944.68,1.05202,0.8859,0.0085,0.8308,0.69661,0.8004,0.57374,1.17631,0.97896,0.01389,0.002179,0.002179,0.002179
318,1949.99,1.05621,0.91967,0.00898,0.86341,0.65616,0.79792,0.57499,1.15988,0.97937,0.01369,0.00215425,0.00215425,0.00215425
319,1956.95,1.07064,0.84764,0.00846,0.83044,0.68858,0.8018,0.57768,1.16103,0.93553,0.01367,0.0021295,0.0021295,0.0021295
320,1962.81,1.05118,0.85585,0.00837,0.84792,0.6782,0.79354,0.57101,1.17736,0.99689,0.01406,0.00210475,0.00210475,0.00210475
321,1968.7,1.05586,0.87056,0.0088,0.84312,0.64706,0.75753,0.54881,1.21674,1.05544,0.01439,0.00208,0.00208,0.00208
322,1975.7,1.04921,0.90381,0.00857,0.87076,0.66782,0.80887,0.57521,1.16341,0.95193,0.01388,0.00205525,0.00205525,0.00205525
323,1981.03,1.05228,0.87788,0.00834,0.86972,0.6955,0.81488,0.58432,1.15069,0.91527,0.01377,0.0020305,0.0020305,0.0020305
324,1988.15,1.0389,0.884,0.0081,0.89329,0.66624,0.81968,0.59702,1.13191,0.91378,0.01338,0.00200575,0.00200575,0.00200575
325,1993.76,1.06114,0.88924,0.00851,0.81539,0.7336,0.82484,0.59977,1.12619,0.90452,0.01324,0.001981,0.001981,0.001981
326,1999.37,1.0611,0.90942,0.00831,0.77618,0.74399,0.81542,0.59511,1.1366,0.91846,0.01335,0.00195625,0.00195625,0.00195625
327,2006.38,1.0264,0.85283,0.0082,0.91823,0.6609,0.81229,0.58821,1.14258,0.94027,0.01342,0.0019315,0.0019315,0.0019315
328,2011.89,1.01765,0.84291,0.00823,0.81978,0.7083,0.80743,0.58603,1.14189,0.94222,0.01332,0.00190675,0.00190675,0.00190675
329,2018.9,1.04087,0.85769,0.00814,0.83589,0.67128,0.79931,0.58041,1.16619,0.92567,0.01366,0.001882,0.001882,0.001882
330,2024.43,1.05244,0.83411,0.00874,0.90092,0.6609,0.80197,0.58561,1.13656,0.93816,0.01333,0.00185725,0.00185725,0.00185725
331,2029.82,1.0811,0.90058,0.00844,0.89015,0.67291,0.80791,0.58524,1.14391,0.92606,0.01333,0.0018325,0.0018325,0.0018325
332,2036.84,1.01687,0.82503,0.00829,0.79809,0.7128,0.80556,0.5792,1.15475,0.95137,0.01371,0.00180775,0.00180775,0.00180775
333,2042.43,1.06132,0.86276,0.00832,0.80937,0.71989,0.81626,0.59212,1.16837,0.8946,0.01353,0.001783,0.001783,0.001783
334,2049.37,0.99656,0.83702,0.00777,0.89327,0.66606,0.81773,0.58715,1.15182,0.92755,0.01351,0.00175825,0.00175825,0.00175825
335,2054.85,1.02101,0.87184,0.00833,0.8546,0.6955,0.81315,0.58988,1.13371,0.95102,0.01341,0.0017335,0.0017335,0.0017335
336,2060.31,1.05838,0.88525,0.00833,0.8613,0.69204,0.80042,0.57529,1.15693,0.98129,0.01351,0.00170875,0.00170875,0.00170875
337,2067.49,1.02314,0.87221,0.00856,0.86729,0.6782,0.80587,0.57665,1.14431,0.97523,0.01338,0.001684,0.001684,0.001684
338,2072.8,0.98658,0.81831,0.00786,0.88148,0.66914,0.81024,0.57956,1.16249,0.94005,0.01347,0.00165925,0.00165925,0.00165925
339,2079.85,1.04972,0.843,0.00834,0.88055,0.6955,0.81847,0.58065,1.17156,0.92209,0.01362,0.0016345,0.0016345,0.0016345
340,2085.68,1.02859,0.82966,0.00799,0.84073,0.7128,0.81142,0.58508,1.15902,0.9649,0.01345,0.00160975,0.00160975,0.00160975
341,2091.36,1.0295,0.84894,0.00802,0.84925,0.70175,0.80911,0.57966,1.15626,0.96258,0.01354,0.001585,0.001585,0.001585
342,2098.48,1.03717,0.84066,0.00825,0.82316,0.68858,0.79621,0.57112,1.16404,0.97637,0.0137,0.00156025,0.00156025,0.00156025
343,2103.76,1.05377,0.8747,0.00818,0.84566,0.68254,0.80388,0.57875,1.15159,0.95666,0.01358,0.0015355,0.0015355,0.0015355
344,2110.9,1.03351,0.84356,0.00843,0.8302,0.68858,0.80814,0.58347,1.15435,0.96334,0.01333,0.00151075,0.00151075,0.00151075
345,2116.42,1.03473,0.84704,0.0083,0.80691,0.70854,0.80987,0.58526,1.14772,0.92902,0.01334,0.001486,0.001486,0.001486
346,2121.69,1.00582,0.81404,0.00825,0.90654,0.66436,0.81577,0.58824,1.16807,0.91788,0.01377,0.00146125,0.00146125,0.00146125
347,2128.94,1.03685,0.8476,0.00875,0.85587,0.6782,0.81504,0.59324,1.16353,0.9169,0.01375,0.0014365,0.0014365,0.0014365
348,2134.3,1.03533,0.86876,0.0081,0.80726,0.73702,0.81803,0.60251,1.14619,0.87298,0.01365,0.00141175,0.00141175,0.00141175
349,2141.16,1.01485,0.84,0.00809,0.83289,0.69896,0.81415,0.59597,1.12914,0.90876,0.01348,0.001387,0.001387,0.001387
350,2147.02,1.00272,0.82082,0.00812,0.85624,0.72131,0.82384,0.5982,1.15464,0.87807,0.01347,0.00136225,0.00136225,0.00136225
351,2152.66,1.01196,0.8099,0.00848,0.87451,0.69931,0.81924,0.58959,1.15251,0.90782,0.01337,0.0013375,0.0013375,0.0013375
352,2159.9,1.04428,0.86092,0.00809,0.82555,0.69896,0.8126,0.58452,1.16751,0.91719,0.01374,0.00131275,0.00131275,0.00131275
353,2165.25,1.04439,0.85385,0.00803,0.85149,0.6955,0.81354,0.58241,1.15443,0.9138,0.01362,0.001288,0.001288,0.001288
354,2172.7,1.04021,0.8365,0.00806,0.83643,0.7128,0.81293,0.58348,1.15566,0.92118,0.01362,0.00126325,0.00126325,0.00126325
355,2178.36,1.06757,0.88164,0.00848,0.8597,0.6782,0.81349,0.58625,1.16041,0.92749,0.01374,0.0012385,0.0012385,0.0012385
356,2184.38,1.04597,0.84189,0.00799,0.832,0.70934,0.80837,0.58513,1.14737,0.93117,0.01344,0.00121375,0.00121375,0.00121375
357,2191.39,1.03693,0.84321,0.00861,0.84168,0.6955,0.81512,0.58752,1.1475,0.93728,0.01341,0.001189,0.001189,0.001189
358,2196.66,1.03633,0.88085,0.00838,0.87781,0.66782,0.82097,0.59034,1.14411,0.9121,0.01346,0.00116425,0.00116425,0.00116425
359,2204.02,1.05022,0.85217,0.00846,0.85764,0.6955,0.82263,0.59327,1.14069,0.90453,0.01336,0.0011395,0.0011395,0.0011395
360,2209.6,1.02706,0.81197,0.00854,0.85362,0.72644,0.82248,0.59027,1.15777,0.87449,0.01345,0.00111475,0.00111475,0.00111475
361,2215.28,1.00466,0.82666,0.00803,0.87112,0.7128,0.82211,0.58784,1.15245,0.89229,0.01359,0.00109,0.00109,0.00109
362,2222.09,1.01849,0.84791,0.00821,0.83365,0.71098,0.81904,0.58532,1.15828,0.90433,0.01379,0.00106525,0.00106525,0.00106525
363,2227.4,0.99538,0.83421,0.00794,0.85552,0.70588,0.81602,0.58137,1.16395,0.89807,0.01387,0.0010405,0.0010405,0.0010405
364,2234.26,0.99345,0.80582,0.00866,0.82866,0.6955,0.81003,0.58089,1.15395,0.90528,0.01376,0.00101575,0.00101575,0.00101575
365,2239.84,1.02565,0.83419,0.00814,0.83653,0.70588,0.81875,0.58805,1.14747,0.88556,0.01358,0.000991,0.000991,0.000991
366,2245.51,1.03159,0.88201,0.00812,0.79492,0.72318,0.81342,0.59112,1.13322,0.90093,0.01342,0.00096625,0.00096625,0.00096625
367,2252.88,1.00809,0.82195,0.00817,0.82208,0.68749,0.80877,0.58943,1.13273,0.90311,0.01326,0.0009415,0.0009415,0.0009415
368,2258.34,1.05298,0.87123,0.00826,0.90086,0.67474,0.80991,0.59191,1.11611,0.91978,0.01308,0.00091675,0.00091675,0.00091675
369,2265.95,0.99551,0.81843,0.00811,0.82258,0.7128,0.81566,0.59338,1.14305,0.90571,0.01353,0.000892,0.000892,0.000892
370,2271.41,1.03764,0.85353,0.00819,0.85956,0.69888,0.81446,0.59616,1.1444,0.92028,0.01357,0.00086725,0.00086725,0.00086725
371,2277.28,1.03844,0.84854,0.00823,0.86284,0.69658,0.82,0.59598,1.14101,0.91213,0.01338,0.0008425,0.0008425,0.0008425
372,2284.35,0.98508,0.80572,0.00824,0.86093,0.6955,0.81385,0.59119,1.14449,0.92814,0.01348,0.00081775,0.00081775,0.00081775
373,2289.73,0.99494,0.80682,0.0077,0.85249,0.69993,0.81573,0.59696,1.13697,0.9196,0.01333,0.000793,0.000793,0.000793
374,2296.86,1.04014,0.83132,0.00836,0.85289,0.72222,0.8197,0.59744,1.13674,0.90772,0.0132,0.00076825,0.00076825,0.00076825
375,2302.54,1.06345,0.86405,0.0084,0.84074,0.73067,0.81974,0.59878,1.13626,0.87641,0.0132,0.0007435,0.0007435,0.0007435
376,2308.32,1.02628,0.80925,0.00769,0.81884,0.71626,0.81939,0.59148,1.1305,0.90353,0.01335,0.00071875,0.00071875,0.00071875
377,2315.46,0.99362,0.82035,0.00802,0.85562,0.67669,0.81214,0.59138,1.1409,0.89462,0.01343,0.000694,0.000694,0.000694
378,2320.87,1.0572,0.85528,0.00834,0.77776,0.72658,0.81159,0.58922,1.12996,0.91598,0.01346,0.00066925,0.00066925,0.00066925
379,2328.27,0.99689,0.80231,0.00786,0.77587,0.73356,0.81118,0.58905,1.12142,0.92168,0.01335,0.0006445,0.0006445,0.0006445
380,2333.85,0.99815,0.82662,0.00836,0.84639,0.70242,0.81645,0.58441,1.14813,0.92437,0.01332,0.00061975,0.00061975,0.00061975
381,2339.73,1.01799,0.82853,0.00814,0.82766,0.71455,0.81613,0.58346,1.15179,0.90339,0.01347,0.000595,0.000595,0.000595
382,2346.68,0.99413,0.81584,0.00786,0.81938,0.71972,0.81663,0.5862,1.16311,0.91195,0.01375,0.00057025,0.00057025,0.00057025
383,2351.98,0.98687,0.80855,0.00837,0.80793,0.72777,0.81362,0.58723,1.16066,0.90299,0.01371,0.0005455,0.0005455,0.0005455
384,2359.09,0.99538,0.82718,0.00782,0.79263,0.74065,0.8179,0.5841,1.15254,0.90432,0.01356,0.00052075,0.00052075,0.00052075
385,2364.62,1.00317,0.8251,0.0079,0.81185,0.7128,0.81676,0.58202,1.15673,0.91353,0.01364,0.000496,0.000496,0.000496
386,2372.83,0.9846,0.88673,0.01072,0.79311,0.74283,0.82323,0.58649,1.15465,0.91787,0.01376,0.00047125,0.00047125,0.00047125
387,2378.36,0.9563,0.85244,0.00981,0.84381,0.70242,0.82002,0.58756,1.16706,0.9287,0.0139,0.0004465,0.0004465,0.0004465
388,2383.32,0.98303,0.84992,0.01007,0.86802,0.70588,0.81081,0.57991,1.1739,0.95942,0.01403,0.00042175,0.00042175,0.00042175
389,2389.35,0.95173,0.84777,0.0097,0.85238,0.7128,0.80432,0.57921,1.1649,0.94955,0.01403,0.000397,0.000397,0.000397
390,2394.61,0.92457,0.79638,0.01009,0.8683,0.69204,0.80607,0.58047,1.16465,0.95516,0.01395,0.00037225,0.00037225,0.00037225
391,2399.19,1.00596,0.8131,0.01036,0.819,0.72022,0.81015,0.5855,1.155,0.91674,0.01372,0.0003475,0.0003475,0.0003475
392,2405.72,0.958,0.79582,0.00995,0.88561,0.69651,0.81722,0.59252,1.15121,0.90541,0.01374,0.00032275,0.00032275,0.00032275
393,2410.58,0.93719,0.77593,0.00974,0.85829,0.73353,0.82276,0.59168,1.15185,0.89863,0.0138,0.000298,0.000298,0.000298
394,2415.19,0.93806,0.7512,0.00973,0.85041,0.74753,0.82747,0.59568,1.1454,0.8929,0.01367,0.00027325,0.00027325,0.00027325
395,2421.37,0.90775,0.73556,0.00961,0.85466,0.75285,0.83037,0.59978,1.14137,0.89276,0.01367,0.0002485,0.0002485,0.0002485
396,2426.33,0.93592,0.75224,0.00994,0.861,0.75087,0.83033,0.60011,1.14637,0.87804,0.01376,0.00022375,0.00022375,0.00022375
397,2430.86,0.94101,0.75751,0.00971,0.81661,0.75499,0.82815,0.60076,1.14292,0.87459,0.01364,0.000199,0.000199,0.000199
398,2437.67,0.91265,0.74985,0.00947,0.86316,0.73356,0.82744,0.60076,1.14137,0.8617,0.01362,0.00017425,0.00017425,0.00017425
399,2442.38,0.92707,0.7675,0.00967,0.88835,0.71584,0.82923,0.60128,1.13717,0.85972,0.01348,0.0001495,0.0001495,0.0001495
400,2447.03,0.95113,0.78777,0.00993,0.87803,0.72237,0.83115,0.60379,1.14583,0.82476,0.01369,0.00012475,0.00012475,0.00012475
